{"count":33,"results":[{"id":1,"name":"Babushka","description":"Can you imagine the end?\r\n\r\nEnter the key in the following format: FLAG{KEY}","max_attempts":3,"value":50,"category":"Steganography","type":"standard","state":"visible","requirements":{"prerequisites":[32]},"connection_info":null},{"id":2,"name":"Crypto","description":"Can you figure this out?\r\n\r\nEnter the key in the following format: FLAG{KEY}\r\n","max_attempts":3,"value":50,"category":"Crypto","type":"standard","state":"visible","requirements":{"prerequisites":[32]},"connection_info":null},{"id":3,"name":"Cool story bro","description":"Every story is unique in its own way! Go and read the story of a brave man!\r\n\r\nEnter the key in the following format: FLAG{KEY}","max_attempts":3,"value":50,"category":"Miscellaneous","type":"standard","state":"visible","requirements":{"prerequisites":[32]},"connection_info":null},{"id":4,"name":"ice breaker","description":"A good PCAP line is a useful ice breaker to start a conversation!\r\nHere is one:\r\n\r\nEnter the key in the following format: FLAG{KEY}","max_attempts":3,"value":50,"category":"Network Forensics","type":"standard","state":"visible","requirements":{"prerequisites":[32]},"connection_info":null},{"id":6,"name":"What am I?","description":"Can you fix me?\r\n\r\nEnter the key in the following format: FLAG{KEY}","max_attempts":3,"value":50,"category":"Miscellaneous","type":"standard","state":"visible","requirements":{"prerequisites":[32]},"connection_info":null},{"id":7,"name":"Hodor","description":"once upon a time, in a land far far away,\r\n2 innocent boys were on their way to the kirya. to their surprise, the door to the room they needed to enter was locked.\r\nas a technician, given remote access to the door's authorization system, as well as its source code from anaf tohna - \r\nwould you help them?\r\n\r\nenter the key in the following format: FLAG{KEY}","max_attempts":3,"value":50,"category":"misc","type":"standard","state":"visible","requirements":{"prerequisites":[32]},"connection_info":"nc hodor.galbirkman.com 1337"},{"id":8,"name":"The Path Not Taken","description":"from looking at the welcome page of our website we suspect the website was hacked.\r\nseems like the hacker left a surprise on the server.\r\nwill you find it?\r\nwe promise to pay you on fiverr (;","max_attempts":0,"value":50,"category":"Web","type":"standard","state":"visible","requirements":{"prerequisites":[32]},"connection_info":"http://path.galbirkman.com:80"},{"id":9,"name":"Splunk 1","description":"What company created the web vulnerability scanner used by Po1s0n1vy? Type the company name. (For example \"Microsoft\" or \"Oracle\")","max_attempts":0,"value":50,"category":"Boss Of The Soc","type":"standard","state":"visible","requirements":null,"connection_info":"<ENTER SPLUNK ADDRESS HERE!!!!!!!>"},{"id":11,"name":"Splunk 2","description":"Find the attacker's IP address","max_attempts":0,"value":50,"category":"Boss Of The Soc","type":"standard","state":"visible","requirements":{"prerequisites":[9]},"connection_info":null},{"id":13,"name":"Splunk 3","description":"Find the IP address of the web server serving \"imreallynotbatman.com\"","max_attempts":0,"value":50,"category":"Boss Of The Soc","type":"standard","state":"visible","requirements":{"prerequisites":[11]},"connection_info":null},{"id":15,"name":"Splunk 4","description":"What content management system is imreallynotbatman.com likely using?(Please do not include punctuation such as . , ! ? in your answer. We are looking for alpha characters only.)","max_attempts":0,"value":50,"category":"Boss Of The Soc","type":"standard","state":"visible","requirements":{"prerequisites":[13]},"connection_info":null},{"id":18,"name":"Splunk 5","description":"What is the name of the file that defaced the imreallynotbatman.com website? Please submit only the name of the file with extension (For example \"notepad.exe\" or \"favicon.ico\")","max_attempts":0,"value":50,"category":"Boss Of The Soc","type":"standard","state":"visible","requirements":{"prerequisites":[15]},"connection_info":null},{"id":20,"name":"Splunk 6","description":"This attack used dynamic DNS to resolve to the malicious IP. What fully qualified domain name (FQDN) is associated with this attack?","max_attempts":0,"value":50,"category":"Boss Of The Soc","type":"standard","state":"visible","requirements":{"prerequisites":[18]},"connection_info":null},{"id":21,"name":"Splunk 7","description":"you found the staging server domain name (used to host the defacement file). Find that server's IP adddress.","max_attempts":0,"value":50,"category":"Boss Of The Soc","type":"standard","state":"visible","requirements":{"prerequisites":[20]},"connection_info":null},{"id":22,"name":"Splunk 8","description":"What IP address is likely attempting a brute force password attack against imreallynotbatman.com?","max_attempts":0,"value":50,"category":"Boss Of The Soc","type":"standard","state":"visible","requirements":{"prerequisites":[21]},"connection_info":null},{"id":23,"name":"Splunk 9","description":"What is the name of the executable uploaded by Po1s0n1vy? Please include file extension. (For example, \"notepad.exe\" or \"favicon.ico\")","max_attempts":0,"value":50,"category":"Boss Of The Soc","type":"standard","state":"visible","requirements":{"prerequisites":[22]},"connection_info":null},{"id":24,"name":"Splunk 10","description":"What is the MD5 hash of the executable uploaded?","max_attempts":0,"value":50,"category":"Boss Of The Soc","type":"standard","state":"visible","requirements":{"prerequisites":[23]},"connection_info":null},{"id":25,"name":"Splunk 11","description":"What was the first brute force password used?","max_attempts":0,"value":50,"category":"Boss Of The Soc","type":"standard","state":"visible","requirements":{"prerequisites":[24]},"connection_info":null},{"id":26,"name":"Splunk 12","description":"What was the correct password found in the brute force attack?","max_attempts":0,"value":50,"category":"Boss Of The Soc","type":"standard","state":"visible","requirements":{"prerequisites":[25]},"connection_info":null},{"id":27,"name":"Splunk 13","description":"One of the passwords in the brute force attack is James Brodsky's favorite Coldplay song. Hint: we are looking for a six character word on this one. Which is it?","max_attempts":0,"value":50,"category":"Boss Of The Soc","type":"standard","state":"visible","requirements":{"prerequisites":[26]},"connection_info":null},{"id":28,"name":"Splunk 14","description":"How many seconds elapsed between the time the brute force password scan identified the correct password and the compromised login? Round to 2 decimal places.","max_attempts":0,"value":50,"category":"Boss Of The Soc","type":"standard","state":"visible","requirements":{"prerequisites":[27]},"connection_info":null},{"id":29,"name":"Splunk 15","description":"How many unique passwords were attempted in the brute force attempt?","max_attempts":0,"value":50,"category":"Boss Of The Soc","type":"standard","state":"visible","requirements":{"prerequisites":[28]},"connection_info":null},{"id":30,"name":"Splunk 16","description":"Amongst the Suricata signatures that detected the Cerber malware, which one alerted the fewest number of times? Submit ONLY the signature ID value as the answer. (No punctuation, just 7 integers.)","max_attempts":0,"value":50,"category":"Boss Of The Soc","type":"standard","state":"visible","requirements":{"prerequisites":[29]},"connection_info":null},{"id":31,"name":"Splunk 17","description":"What fully qualified domain name (FQDN) does the Cerber ransomware attempt to direct the user to at the end of its encryption phase?","max_attempts":0,"value":50,"category":"Boss Of The Soc","type":"standard","state":"visible","requirements":{"prerequisites":[30]},"connection_info":null},{"id":32,"name":"Splunk 18","description":"What was the first suspicious domain visited by we8105desk on 24AUG2016?","max_attempts":0,"value":50,"category":"Boss Of The Soc","type":"standard","state":"visible","requirements":{"prerequisites":[31]},"connection_info":null},{"id":33,"name":"Splunk 19","description":"During the initial Cerber infection a VB script is run. The entire script from this execution, pre-pended by the name of the launching .exe, can be found in a field in Splunk. What is the length in characters of the value of this field?","max_attempts":0,"value":50,"category":"Boss Of The Soc","type":"standard","state":"visible","requirements":{"prerequisites":[32]},"connection_info":null},{"id":34,"name":"Splunk 20","description":"The VBscript found in question 204 launches 121214.tmp. What is the ParentProcessId of this initial launch?","max_attempts":0,"value":50,"category":"Boss Of The Soc","type":"standard","state":"visible","requirements":{"prerequisites":[33]},"connection_info":null},{"id":35,"name":"Splunk 21","description":"The Cerber ransomware encrypts files located in Bob Smith's Windows profile. How many .txt files does it encrypt?","max_attempts":0,"value":50,"category":"Boss Of The Soc","type":"standard","state":"visible","requirements":{"prerequisites":[34]},"connection_info":null},{"id":36,"name":"Splunk 22","description":"The malware downloads a file that contains the Cerber ransomware cryptor code. What is the name of that file?","max_attempts":0,"value":50,"category":"Boss Of The Soc","type":"standard","state":"visible","requirements":{"prerequisites":[35]},"connection_info":null},{"id":37,"name":"Splunk 23","description":"Now that you know the name of the ransomware's encryptor file, what obfuscation technique does it likely use?","max_attempts":0,"value":50,"category":"Boss Of The Soc","type":"standard","state":"visible","requirements":{"prerequisites":[36]},"connection_info":null},{"id":39,"name":"Father & Son","description":"No hints on this one.","max_attempts":0,"value":50,"category":"Memory","type":"standard","state":"visible","requirements":{"prerequisites":[32]},"connection_info":"https://drive.google.com/file/d/1fN3Uw2mn-QkMchz1LMX5KDLFRgZbyS8T/view?usp=sharing"},{"id":40,"name":"2048","description":"Remember this game, right?","max_attempts":0,"value":50,"category":"Web","type":"standard","state":"visible","requirements":{"prerequisites":[32]},"connection_info":"http://2048.galbirkman.com:80{team_number+10}/"},{"id":41,"name":"Jailbreak","description":"Lets see what you got!","max_attempts":3,"value":50,"category":"Miscellaneous","type":"standard","state":"visible","requirements":{"prerequisites":[32]},"connection_info":"<ENTER CONTAINER ADDRESS HERE!!!!!!!>"}],"meta":{}}