{"count":34,"results":[{"id":1,"challenge_id":2,"type":"static","content":"flag{LIMON}","data":"case_insensitive"},{"id":2,"challenge_id":1,"type":"static","content":"flag{TAPUZ}","data":"case_insensitive"},{"id":3,"challenge_id":3,"type":"static","content":"flag{passionfruit}","data":"case_insensitive"},{"id":4,"challenge_id":4,"type":"static","content":"flag{strawberry}","data":"case_insensitive"},{"id":5,"challenge_id":6,"type":"static","content":"flag{DUVDEV}","data":"case_insensitive"},{"id":6,"challenge_id":7,"type":"static","content":"flag{anappleadaykeepsthedoctoraway}","data":"case_insensitive"},{"id":7,"challenge_id":8,"type":"static","content":"flag{cherry}","data":"case_insensitive"},{"id":8,"challenge_id":9,"type":"static","content":"acunetix","data":"case_insensitive"},{"id":9,"challenge_id":11,"type":"static","content":"40.80.148.42","data":"case_insensitive"},{"id":12,"challenge_id":13,"type":"static","content":"192.168.250.70","data":"case_insensitive"},{"id":14,"challenge_id":15,"type":"static","content":"joomla","data":"case_insensitive"},{"id":17,"challenge_id":18,"type":"static","content":"poisonivy-is-coming-for-you-batman.jpeg","data":"case_insensitive"},{"id":19,"challenge_id":20,"type":"static","content":"prankglassinebracket.jumpingcrab.com","data":"case_insensitive"},{"id":20,"challenge_id":21,"type":"static","content":"23.22.63.114","data":"case_insensitive"},{"id":21,"challenge_id":22,"type":"static","content":"23.22.63.114","data":"case_insensitive"},{"id":22,"challenge_id":23,"type":"static","content":"3791.exe","data":"case_insensitive"},{"id":23,"challenge_id":24,"type":"static","content":"AAE3F5A29935E6ABCC2C2754D12A9AF0","data":"case_insensitive"},{"id":24,"challenge_id":25,"type":"static","content":"12345678","data":"case_insensitive"},{"id":25,"challenge_id":26,"type":"static","content":"batman","data":"case_insensitive"},{"id":26,"challenge_id":27,"type":"static","content":"yellow","data":"case_insensitive"},{"id":27,"challenge_id":28,"type":"static","content":"92.17","data":""},{"id":28,"challenge_id":29,"type":"static","content":"412","data":"case_insensitive"},{"id":29,"challenge_id":30,"type":"static","content":"2816763","data":"case_insensitive"},{"id":30,"challenge_id":31,"type":"static","content":"cerberhhyed5frqa.xmfir0.win","data":"case_insensitive"},{"id":31,"challenge_id":32,"type":"static","content":"solidaritedeproximite.org","data":"case_insensitive"},{"id":32,"challenge_id":33,"type":"static","content":"4490","data":"case_insensitive"},{"id":33,"challenge_id":34,"type":"static","content":"3968","data":"case_insensitive"},{"id":34,"challenge_id":34,"type":"static","content":"3968","data":"case_insensitive"},{"id":35,"challenge_id":35,"type":"static","content":"406","data":"case_insensitive"},{"id":36,"challenge_id":36,"type":"static","content":"mhtr.jpg","data":"case_insensitive"},{"id":37,"challenge_id":37,"type":"static","content":"steganography","data":"case_insensitive"},{"id":38,"challenge_id":39,"type":"static","content":"flag{agasim}","data":"case_insensitive"},{"id":39,"challenge_id":40,"type":"static","content":"flag{avatiax}","data":"case_insensitive"},{"id":40,"challenge_id":41,"type":"static","content":"flag{hamootziot}","data":"case_insensitive"}],"meta":{}}