{"count":12,"results":[{"id":3,"user_id":37,"team_id":16,"name":"Hint 5","description":"Hint for The Path Not Taken","date":"2022-05-15T11:22:40","value":-30,"category":"hints","icon":null,"requirements":null,"type":"standard"},{"id":4,"user_id":10,"team_id":12,"name":"Hint 5","description":"Hint for The Path Not Taken","date":"2022-05-15T11:41:20","value":-30,"category":"hints","icon":null,"requirements":null,"type":"standard"},{"id":5,"user_id":54,"team_id":19,"name":"Hint 5","description":"Hint for The Path Not Taken","date":"2022-05-15T11:44:15","value":-30,"category":"hints","icon":null,"requirements":null,"type":"standard"},{"id":6,"user_id":55,"team_id":20,"name":"Hint 1","description":"Hint for Crypto","date":"2022-05-15T12:24:00","value":-30,"category":"hints","icon":null,"requirements":null,"type":"standard"},{"id":7,"user_id":56,"team_id":21,"name":"Hint 2","description":"Hint for ice breaker","date":"2022-05-15T12:33:05","value":-40,"category":"hints","icon":null,"requirements":null,"type":"standard"},{"id":8,"user_id":56,"team_id":21,"name":"Hint 3","description":"Hint for ice breaker","date":"2022-05-15T12:33:31","value":-80,"category":"hints","icon":null,"requirements":null,"type":"standard"},{"id":9,"user_id":12,"team_id":6,"name":"Hint 5","description":"Hint for The Path Not Taken","date":"2022-05-15T13:53:34","value":-30,"category":"hints","icon":null,"requirements":null,"type":"standard"},{"id":10,"user_id":12,"team_id":6,"name":"Hint 4","description":"Hint for Hodor","date":"2022-05-15T13:54:20","value":-70,"category":"hints","icon":null,"requirements":null,"type":"standard"},{"id":11,"user_id":12,"team_id":6,"name":"Hint 2","description":"Hint for ice breaker","date":"2022-05-15T13:54:49","value":-40,"category":"hints","icon":null,"requirements":null,"type":"standard"},{"id":12,"user_id":12,"team_id":6,"name":"Hint 3","description":"Hint for ice breaker","date":"2022-05-15T13:55:06","value":-80,"category":"hints","icon":null,"requirements":null,"type":"standard"},{"id":13,"user_id":12,"team_id":6,"name":"Hint 6","description":"Hint for Splunk 13","date":"2022-05-15T13:56:39","value":-40,"category":"hints","icon":null,"requirements":null,"type":"standard"},{"id":14,"user_id":12,"team_id":6,"name":"Hint 1","description":"Hint for Crypto","date":"2022-05-15T13:57:57","value":-30,"category":"hints","icon":null,"requirements":null,"type":"standard"}],"meta":{}}