{"count":40,"results":[{"id":1,"name":"Babushka","description":"Can you imagine the end?\r\n\r\nEnter the key in the following format: FLAG{KEY}","max_attempts":3,"value":100,"category":"Steganography","type":"standard","state":"visible","requirements":{"prerequisites":[]},"connection_info":null,"next_id":null},{"id":2,"name":"Crypto","description":"Can you figure this out?\r\n\r\nEnter the key in the following format: FLAG{KEY}\r\n","max_attempts":3,"value":50,"category":"Crypto","type":"standard","state":"visible","requirements":{"prerequisites":[]},"connection_info":null,"next_id":null},{"id":3,"name":"Cool story bro","description":"Every story is unique in its own way! Go and read the story of a brave man!\r\n\r\nEnter the key in the following format: FLAG{KEY}","max_attempts":6,"value":150,"category":"Miscellaneous","type":"standard","state":"visible","requirements":{"prerequisites":[]},"connection_info":null,"next_id":null},{"id":4,"name":"ice breaker","description":"A good PCAP line is a useful ice breaker to start a conversation!\r\nHere is one:\r\n\r\nEnter the key in the following format: FLAG{KEY}","max_attempts":3,"value":250,"category":"Network Forensics","type":"standard","state":"visible","requirements":{"prerequisites":[]},"connection_info":null,"next_id":null},{"id":6,"name":"What am I?","description":"Can you fix me?\r\n\r\nEnter the key in the following format: FLAG{KEY}","max_attempts":3,"value":100,"category":"Miscellaneous","type":"standard","state":"visible","requirements":{"prerequisites":[]},"connection_info":null,"next_id":null},{"id":7,"name":"Hodor","description":"once upon a time, in a land far far away,\r\n2 innocent boys were on their way to the kirya. to their surprise, the door to the room they needed to enter was locked.\r\nas a technician, given remote access to the door's authorization system, as well as its source code from anaf tohna - \r\nwould you help them?\r\n\r\nenter the key in the following format: FLAG{KEY}","max_attempts":3,"value":250,"category":"misc","type":"standard","state":"visible","requirements":{"prerequisites":[]},"connection_info":"nc hodor.galbirkman.com 1337","next_id":null},{"id":8,"name":"The Path Not Taken","description":"from looking at the welcome page of our website we suspect the website was hacked.\r\nseems like the hacker left a surprise on the server.\r\nwill you find it?\r\nwe promise to pay you on fiverr (;","max_attempts":0,"value":200,"category":"Web","type":"standard","state":"visible","requirements":{"prerequisites":[]},"connection_info":"http://path.galbirkman.com:80","next_id":null},{"id":9,"name":"Splunk 1","description":"What is the likely IP address of someone from the Po1s0n1vy group scanning imreallynotbatman.com for web application vulnerabilities?\r\n\r\nconnection info:<br>\r\nteams 1-6<br>\r\nhttp://splunk4rookies.com/9105/self_register<br>\r\nteams 6-12<br>\r\nhttp://splunk4rookies.com/9106/self_register","max_attempts":0,"value":100,"category":"Boss Of The Soc","type":"standard","state":"visible","requirements":null,"connection_info":"","next_id":null},{"id":11,"name":"Splunk 2","description":"What company created the web vulnerability scanner? enter the company name. (For example \"Microsoft\" or \"Oracle\")","max_attempts":0,"value":100,"category":"Boss Of The Soc","type":"standard","state":"visible","requirements":{"prerequisites":[9]},"connection_info":null,"next_id":null},{"id":13,"name":"Splunk 3","description":"Find the IP address of the web server serving \"imreallynotbatman.com\"","max_attempts":0,"value":100,"category":"Boss Of The Soc","type":"standard","state":"visible","requirements":{"prerequisites":[11]},"connection_info":null,"next_id":null},{"id":15,"name":"Splunk 4","description":"What content management system is imreallynotbatman.com likely using?(Please do not include punctuation such as . , ! ? in your answer. We are looking for alpha characters only.)","max_attempts":0,"value":100,"category":"Boss Of The Soc","type":"standard","state":"visible","requirements":{"prerequisites":[13]},"connection_info":null,"next_id":null},{"id":18,"name":"Splunk 5","description":"What is the name of the file that defaced the imreallynotbatman.com website? Please submit only the name of the file with extension (For example \"notepad.exe\" or \"favicon.ico\")","max_attempts":0,"value":100,"category":"Boss Of The Soc","type":"standard","state":"visible","requirements":{"prerequisites":[15]},"connection_info":null,"next_id":null},{"id":20,"name":"Splunk 6","description":"This attack used dynamic DNS to resolve to the malicious IP. What fully qualified domain name (FQDN) is associated with this attack?","max_attempts":0,"value":100,"category":"Boss Of The Soc","type":"standard","state":"visible","requirements":{"prerequisites":[18]},"connection_info":null,"next_id":null},{"id":21,"name":"Splunk 7","description":"you found the staging server domain name (used to host the defacement file). Find that server's IP adddress.","max_attempts":0,"value":100,"category":"Boss Of The Soc","type":"standard","state":"visible","requirements":{"prerequisites":[20]},"connection_info":null,"next_id":null},{"id":22,"name":"Splunk 8","description":"What IP address is likely attempting a brute force password attack against imreallynotbatman.com?","max_attempts":0,"value":100,"category":"Boss Of The Soc","type":"standard","state":"visible","requirements":{"prerequisites":[21]},"connection_info":null,"next_id":null},{"id":23,"name":"Splunk 9","description":"What is the name of the executable uploaded by Po1s0n1vy? Please include file extension. (For example, \"notepad.exe\" or \"favicon.ico\")","max_attempts":0,"value":100,"category":"Boss Of The Soc","type":"standard","state":"visible","requirements":{"prerequisites":[22]},"connection_info":null,"next_id":null},{"id":24,"name":"Splunk 10","description":"What is the MD5 hash of the executable uploaded?","max_attempts":0,"value":100,"category":"Boss Of The Soc","type":"standard","state":"visible","requirements":{"prerequisites":[23]},"connection_info":null,"next_id":null},{"id":25,"name":"Splunk 11","description":"What was the first brute force password used?","max_attempts":0,"value":100,"category":"Boss Of The Soc","type":"standard","state":"visible","requirements":{"prerequisites":[24]},"connection_info":null,"next_id":null},{"id":26,"name":"Splunk 12","description":"What was the correct password found in the brute force attack?","max_attempts":0,"value":100,"category":"Boss Of The Soc","type":"standard","state":"visible","requirements":{"prerequisites":[25]},"connection_info":null,"next_id":null},{"id":27,"name":"Splunk 13","description":"One of the passwords in the brute force attack is James Brodsky's favorite Coldplay song. Hint: we are looking for a six character word on this one. Which is it?","max_attempts":0,"value":100,"category":"Boss Of The Soc","type":"standard","state":"visible","requirements":{"prerequisites":[26]},"connection_info":null,"next_id":null},{"id":28,"name":"Splunk 14","description":"How many seconds elapsed between the time the brute force password scan identified the correct password and the compromised login? Round to 2 decimal places.","max_attempts":0,"value":100,"category":"Boss Of The Soc","type":"standard","state":"visible","requirements":{"prerequisites":[27]},"connection_info":null,"next_id":null},{"id":29,"name":"Splunk 15","description":"How many unique passwords were attempted in the brute force attempt?","max_attempts":0,"value":100,"category":"Boss Of The Soc","type":"standard","state":"visible","requirements":{"prerequisites":[28]},"connection_info":null,"next_id":null},{"id":30,"name":"Splunk 17","description":"Amongst the Suricata signatures that detected the Cerber malware, which one alerted the fewest number of times? Submit ONLY the signature ID value as the answer. (No punctuation, just 7 integers.)","max_attempts":0,"value":100,"category":"Boss Of The Soc","type":"standard","state":"visible","requirements":{"prerequisites":[49]},"connection_info":null,"next_id":null},{"id":31,"name":"Splunk 18","description":"What fully qualified domain name (FQDN) does the Cerber ransomware attempt to direct the user to at the end of its encryption phase?","max_attempts":0,"value":100,"category":"Boss Of The Soc","type":"standard","state":"visible","requirements":{"prerequisites":[30]},"connection_info":null,"next_id":null},{"id":32,"name":"Splunk 19","description":"What was the first suspicious domain visited by we8105desk on 24AUG2016?","max_attempts":0,"value":100,"category":"Boss Of The Soc","type":"standard","state":"visible","requirements":{"prerequisites":[31]},"connection_info":null,"next_id":null},{"id":33,"name":"Splunk 20","description":"During the initial Cerber infection a VB script is run. The entire script from this execution, pre-pended by the name of the launching .exe, can be found in a field in Splunk. What is the length in characters of the value of this field?","max_attempts":0,"value":150,"category":"Boss Of The Soc","type":"standard","state":"visible","requirements":{"prerequisites":[32]},"connection_info":null,"next_id":null},{"id":34,"name":"Splunk 21","description":"The VBscript found in question 204 launches 121214.tmp. What is the ParentProcessId of this initial launch?","max_attempts":0,"value":150,"category":"Boss Of The Soc","type":"standard","state":"visible","requirements":{"prerequisites":[33]},"connection_info":null,"next_id":null},{"id":35,"name":"Splunk 22","description":"The Cerber ransomware encrypts files located in Bob Smith's Windows profile. How many .txt files does it encrypt?","max_attempts":0,"value":150,"category":"Boss Of The Soc","type":"standard","state":"visible","requirements":{"prerequisites":[34]},"connection_info":null,"next_id":null},{"id":36,"name":"Splunk 23","description":"The malware downloads a file that contains the Cerber ransomware cryptor code. What is the name of that file?","max_attempts":0,"value":150,"category":"Boss Of The Soc","type":"standard","state":"visible","requirements":{"prerequisites":[35]},"connection_info":null,"next_id":null},{"id":37,"name":"Splunk 24","description":"Now that you know the name of the ransomware's encryptor file, what obfuscation technique does it likely use?","max_attempts":0,"value":150,"category":"Boss Of The Soc","type":"standard","state":"visible","requirements":{"prerequisites":[36]},"connection_info":null,"next_id":null},{"id":39,"name":"Father & Son","description":"No hints on this one.","max_attempts":0,"value":450,"category":"Memory","type":"standard","state":"visible","requirements":{"prerequisites":[]},"connection_info":"https://drive.google.com/drive/folders/1V5173lyRp2MiX-UqjRGjd-c-Lu7e9376?usp=sharing","next_id":null},{"id":40,"name":"2048","description":"Remember this game, right?","max_attempts":0,"value":250,"category":"Web","type":"standard","state":"visible","requirements":{"prerequisites":[]},"connection_info":"http://2048.galbirkman.com:80{team_number+10}/","next_id":null},{"id":41,"name":"Jailbreak","description":"Lets see what you got!","max_attempts":3,"value":200,"category":"Miscellaneous","type":"standard","state":"visible","requirements":{"prerequisites":[]},"connection_info":"nc jailbreak.galbirkman.com 70<team_number + 10)>","next_id":null},{"id":42,"name":"coopawns_1 - pr0file","description":"On one quite morning at Cyrebro inc. called that client with a problem with his computer...\r\nAccording to his words, he had an unprotected file with important passwords that \"turned unreadable\". \r\nHe suspects his computer \"was hacked\".\r\nAs a DFIR specialist at Cyrebro, you were assigned to the task. As you could not help remotely, the first thing you asked him to do is hibernate his computer and bring it to you.\r\nHaving the memory of the compromised computer, do what you know best.\r\nFaster, the clock is ticking...\r\n\r\n\r\nwhat profile is the most appropriate for this machine?\r\n(ex: win10x86_14393)\r\n\r\nflag format: FLAG{profile}","max_attempts":0,"value":100,"category":"Memory","type":"standard","state":"visible","requirements":{"prerequisites":[]},"connection_info":"https://drive.google.com/drive/folders/1V5173lyRp2MiX-UqjRGjd-c-Lu7e9376?usp=sharing","next_id":null},{"id":43,"name":"coopawns_2 - hey write this down","description":"what is the pid of the running notepad process?\r\n\r\nflag format: FLAG{pid}\r\n","max_attempts":10,"value":100,"category":"Memory","type":"standard","state":"visible","requirements":{"prerequisites":[]},"connection_info":null,"next_id":null},{"id":44,"name":"coopawns_3 - is the malware still running?","description":"wait, is the malware still running? \r\nwhat is the pid of the malware?\r\n\r\nflag format: FLAG{pid}\r\n","max_attempts":3,"value":100,"category":"Memory","type":"standard","state":"visible","requirements":{"prerequisites":[]},"connection_info":null,"next_id":null},{"id":45,"name":"coopawns_4 - a critical mistake","description":"looks like a ransom attack... but there is hope!\r\nlooks like they used a symetrical encryption, maybe we can still recover the file?\r\nif only we found the encryption key...\r\n\r\nflag format: FLAG{encryption_key}\r\n\r\nnote- i bet those hackers embeded it somewhere in the file.\r\n","max_attempts":3,"value":100,"category":"Memory","type":"standard","state":"visible","requirements":{"prerequisites":[]},"connection_info":null,"next_id":null},{"id":47,"name":"coopawns_5 - just about there","description":"so you know the key, but which encryption type exactly did they use?\r\n\r\nflag format: FLAG{NAME-VERSION}\r\n\r\nnote- enter the very exact type and version.\r\n","max_attempts":3,"value":100,"category":"Memory","type":"standard","state":"visible","requirements":{"prerequisites":[]},"connection_info":null,"next_id":null},{"id":48,"name":"coopawns_6 - finito la comedia","description":"finish what's left and recover the file.\r\n\r\nflag format: FLAG{fruit}\r\n\r\nnote- the flag is a fruit, as usual.\r\n","max_attempts":3,"value":100,"category":"Memory","type":"standard","state":"visible","requirements":{"prerequisites":[]},"connection_info":null,"next_id":null},{"id":49,"name":"Splunk 16","description":"What was the most likely IP address of we8105desk on 24AUG2016?","max_attempts":0,"value":100,"category":"Boss Of The Soc","type":"standard","state":"visible","requirements":{"prerequisites":[29]},"connection_info":null,"next_id":null}],"meta":{}}