{"count":15,"results":[{"id":2,"type":"challenge","content":"solution:\ndownload file,\nchange extension to some kind of zip (7z for example),\nopen as archive,\nfind flag.png file inside.","date":"2022-04-15T13:23:56","author_id":1,"challenge_id":1,"user_id":null,"team_id":null,"page_id":null},{"id":3,"type":"challenge","content":"flag is at (47,6)","date":"2022-04-15T13:26:25","author_id":1,"challenge_id":1,"user_id":null,"team_id":null,"page_id":null},{"id":4,"type":"challenge","content":"\u05dc\u05e2\u05e7\u05d5\u05d1 \u05d0\u05d7\u05e8\u05d9 \u05d4\u05d0\u05d5\u05ea\u05d9\u05d5\u05ea \u05d1\u05de\u05e7\u05dc\u05d3\u05ea \u05db\u05d3\u05d9 \u05dc\u05d9\u05e6\u05d5\u05e8 \u05de\u05d7\u05e8\u05d5\u05d6\u05ea","date":"2022-04-15T13:27:09","author_id":1,"challenge_id":2,"user_id":null,"team_id":null,"page_id":null},{"id":5,"type":"challenge","content":"File 1 is the base story, others are copies with the flag inserted into them in fragments. Diff each file with the first one to get the flag\n\nflag{passionfruit}","date":"2022-04-15T13:28:33","author_id":1,"challenge_id":3,"user_id":null,"team_id":null,"page_id":null},{"id":6,"type":"challenge","content":"bcompare for example","date":"2022-04-15T13:33:58","author_id":1,"challenge_id":3,"user_id":null,"team_id":null,"page_id":null},{"id":8,"type":"challenge","content":"# challenge was recorded with logitech g602 mouse.\n# \n#  \n# HOHMA\n# -----\n# calculating mouse position:\n#       every packet represents relative movement to previous state.\n#       so, saving relative value for every packet.\n# \n# button state flags: \n#       left mouse btn is represented by Least Significant bit of button flags byte.","date":"2022-04-15T13:36:09","author_id":1,"challenge_id":4,"user_id":null,"team_id":null,"page_id":null},{"id":9,"type":"challenge","content":"1 GNP should be PNG\n2. HIDR should be IHDR\n3. idat should be IDAT","date":"2022-04-15T13:37:07","author_id":1,"challenge_id":6,"user_id":null,"team_id":null,"page_id":null},{"id":10,"type":"challenge","content":"fix png file headers","date":"2022-04-15T13:43:38","author_id":1,"challenge_id":6,"user_id":null,"team_id":null,"page_id":null},{"id":11,"type":"challenge","content":"1. \u05dc\u05d4\u05d1\u05d9\u05df \u05d0\u05ea \u05d4\u05dc\u05d5\u05d2\u05d9\u05e7\u05d4 \u05e9\u05dc 3 \u05d4\u05e4\u05d5\u05e0\u05e7\u05e6\u05d9\u05d5\u05ea \u05de\u05e7\u05d5\u05d3 \u05d4\u05e9\u05e8\u05ea:\n* \u05d4\u05e8\u05d0\u05e9\u05d5\u05e0\u05d4 \u05de\u05e4\u05db\u05e4\u05d9\u05dc\u05d4 \u05d0\u05ea \u05d0\u05d5\u05e8\u05da \u05d4flag \u05d1\u05d0\u05d5\u05e8\u05da \u05d4\u05e0\u05d9\u05d7\u05d5\u05e9\t- \u05de\u05d0\u05e4\u05e9\u05e8\u05ea \u05dc\u05d4\u05e1\u05d9\u05e7 \u05d0\u05d5\u05d3\u05d5\u05ea \u05d0\u05d5\u05e8\u05da \u05d4flag.\n* \u05d4\u05e9\u05e0\u05d9\u05d4 \u05de\u05d1\u05e6\u05e2\u05ea char-wise \u05de\u05d5\u05d3\u05d5\u05dc\u05d5 \u05d12 \u05e2\u05dc \u05e1\u05db\u05d5\u05dd \u05d4\u05ea\u05d5 \u05d1\u05d0\u05d9\u05e0\u05d3\u05e7\u05e1 \u05de\u05e1\u05d5\u05d9\u05dd \u05e9\u05dc \u05d4flag \u05e2\u05dd \u05ea\u05d5 \u05d1\u05d0\u05d5\u05ea\u05d5 \u05d4\u05d0\u05d9\u05e0\u05d3\u05e7\u05e1 \u05d1\u05e0\u05d9\u05d7\u05d5\u05e9. \n* \u05d4\u05e9\u05dc\u05d9\u05e9\u05d9\u05ea \u05de\u05d1\u05e6\u05e2\u05ea char-wise \u05d7\u05d9\u05dc\u05d5\u05e7\u05d4 \u05d12 \u05e9\u05dc \u05e1\u05db\u05d5\u05dd \u05d4\u05ea\u05d5 \u05d1\u05d0\u05d9\u05e0\u05d3\u05e7\u05e1 \u05de\u05e1\u05d5\u05d9\u05dd \u05e9\u05dc \u05d4flag \u05e2\u05dd \u05ea\u05d5 \u05d1\u05d0\u05d5\u05ea\u05d5 \u05d4\u05d0\u05d9\u05e0\u05d3\u05e7\u05e1 \u05d1\u05e0\u05d9\u05d7\u05d5\u05e9. \n\n2. \u05dc\u05d4\u05e9\u05ea\u05de\u05e9 \u05d1\u05dc\u05d5\u05d2\u05d9\u05e7\u05d4 \u05d4\u05e0\"\u05dc \u05e2\u05dc \u05de\u05e0\u05ea \u05dc\u05d7\u05e9\u05d1 \u05d0\u05ea \u05d4flag \u05de\u05ea\u05d5\u05da \u05ea\u05d5\u05e6\u05d0\u05d5\u05ea \u05d4\u05e0\u05d9\u05d7\u05d5\u05e9\u05d9\u05dd \u05d4\u05de\u05d5\u05d7\u05d6\u05e8\u05d5\u05ea \u05d1\u05e9\u05e8\u05ea","date":"2022-04-15T13:45:24","author_id":1,"challenge_id":7,"user_id":null,"team_id":null,"page_id":null},{"id":13,"type":"challenge","content":"connect to web game,\nwin to get address and credentials of server, (cheat: F12>application>storage>local storage>vue2048>change cell values and score)\nconnect to server,\nfind .git hidden directory in apache home directory, -> understand that this is a mistake\nrun \"git reflog\" to discover id of commit where flag was added,\nrun \"git reset <commit_id> --hard\" to reset git HEAD pointer and restore flag file,\nenter the flag.","date":"2022-04-15T14:13:26","author_id":1,"challenge_id":40,"user_id":null,"team_id":null,"page_id":null},{"id":14,"type":"challenge","content":"need to install git, since it is not installed on the containers (:","date":"2022-04-15T14:32:35","author_id":1,"challenge_id":40,"user_id":null,"team_id":null,"page_id":null},{"id":15,"type":"challenge","content":"KDBX pass is \"KeepassMasterPass:)\"\nZip Pass is inside KDBX \"iwonderwhatsinside\"\ndrive: https://drive.google.com/file/d/1oc2SqqRMmvGJw92aBcxvAt43EovejDFi/view?usp=sharing\n\n1. look at processes PSTREE, see chrome opening CMD (suspicios)\n2. internet explorer was trying to reach googledrive which contains the KDBX file (keepass db)\n2. CMD has the command \"The flag is in a ZIP file which is protected by a password. We know the user was working with KeePass recently...\"\n3. Download KDBX and use volatility clipboard plugin to get the master password\n4. Open keepass and get the zip password\n5. Dump the zip file (resident in MFT and not in filescan)","date":"2022-04-28T07:36:50","author_id":1,"challenge_id":39,"user_id":null,"team_id":null,"page_id":null},{"id":17,"type":"challenge","content":"http://localhost/static../flag.txt","date":"2022-05-02T20:21:45","author_id":1,"challenge_id":8,"user_id":null,"team_id":null,"page_id":null},{"id":18,"type":"challenge","content":"http://localhost/static../flag","date":"2022-05-02T20:37:41","author_id":1,"challenge_id":8,"user_id":null,"team_id":null,"page_id":null},{"id":19,"type":"challenge","content":"https://blog.dornea.nu/2016/06/20/ringzer0-ctf-jail-escaping-bash/","date":"2022-05-13T17:54:58","author_id":1,"challenge_id":41,"user_id":null,"team_id":null,"page_id":null}],"meta":{}}