{"count":12,"results":[{"id":1,"type":"standard","location":"98dc77fc10fc1ab14787a1d161618200/logo.jpg","challenge_id":null,"page_id":null},{"id":2,"type":"standard","location":"4096145c54652b023620888c8975a803/small_icon.png","challenge_id":null,"page_id":null},{"id":3,"type":"standard","location":"d8d6b41331d6f19b855a3ad7242c2aee/banner.jpg","challenge_id":null,"page_id":null},{"id":4,"type":"standard","location":"c64f726ab6bd35042142c0319b7ff361/small_icon.png","challenge_id":null,"page_id":null},{"id":5,"type":"standard","location":"01a7101750bfdb3653a3bcf03a809167/logo.jpg","challenge_id":null,"page_id":null},{"id":6,"type":"challenge","location":"70ce151766034f25d9ed9ab3f6770678/cipher.txt","challenge_id":2,"page_id":null},{"id":7,"type":"challenge","location":"4bcbab9c3a13bce499f343d6bcd3e8aa/babushka.jpg","challenge_id":1,"page_id":null},{"id":8,"type":"challenge","location":"1ea01307fd86bab5ca2c4f4308fdab2c/Stories.7z","challenge_id":3,"page_id":null},{"id":9,"type":"challenge","location":"86316eac5df47d77a7b527a5a673ffc2/your.pcapng","challenge_id":4,"page_id":null},{"id":10,"type":"challenge","location":"466f9b0ad43e688190b98ae57ec28d66/flag","challenge_id":6,"page_id":null},{"id":12,"type":"page","location":"c969546b1f8cc29080f554579fc38d0f/coldplay.csv","challenge_id":null,"page_id":null},{"id":13,"type":"challenge","location":"3faf397fd7a978a733e8c642c5a3c8dd/server.py","challenge_id":7,"page_id":null}],"meta":{}}