{"count":3,"results":[{"id":1,"title":"testt","content":"test","date":"2022-05-15T06:13:29","user_id":null,"team_id":null},{"id":2,"title":"your attention plz","content":" do not solve the coopawns challenge.","date":"2022-05-15T12:03:10","user_id":null,"team_id":null},{"id":3,"title":"FREE POINTS","content":"\u05e2\u05e7\u05d1 \u05ea\u05e7\u05dc\u05d4 \u05d8\u05db\u05e0\u05d9\u05ea \u05e9\u05dc \u05d0\u05ea\u05d2\u05e8 \u05d6\u05db\u05e8\u05d5\u05df, \u05de\u05d6\u05db\u05d9\u05dd \u05d0\u05ea \u05db\u05d5\u05dc\u05dd \u05d1100 \u05e0\u05e7\u05d5\u05d3\u05d5\u05ea \u05d7\u05d9\u05e0\u05dd \u05e2\u05dc \u05de\u05e0\u05ea \u05dc\u05e9\u05de\u05d5\u05e8 \u05e2\u05dc \u05e9\u05d5\u05d5\u05d9\u05d5\u05df.\r\n\u05ea\u05db\u05e0\u05d9\u05e1\u05d5 \u05db\u05d5\u05dc\u05dd \u05dc\u05ea\u05e9\u05d5\u05d1\u05d4 \u05e9\u05dc\u05d1 \u05d4\u05e8\u05d0\u05e9\u05d5\u05df \u05e9\u05dc coopawns \u05d0\u05ea \u05d4FLAG \u05d4\u05d1\u05d0:\r\n1\r\n\u05ea\u05d6\u05db\u05d5 \u05d1100 \u05e0\u05e7\u05d5\u05d3\u05d5\u05ea","date":"2022-05-15T12:10:43","user_id":null,"team_id":null}],"meta":{}}