{"count":258,"results":[{"id":104,"challenge_id":9,"user_id":10,"team_id":12},{"id":105,"challenge_id":9,"user_id":16,"team_id":7},{"id":109,"challenge_id":11,"user_id":11,"team_id":12},{"id":113,"challenge_id":9,"user_id":31,"team_id":11},{"id":114,"challenge_id":9,"user_id":15,"team_id":9},{"id":116,"challenge_id":13,"user_id":11,"team_id":12},{"id":120,"challenge_id":11,"user_id":31,"team_id":11},{"id":124,"challenge_id":15,"user_id":11,"team_id":12},{"id":125,"challenge_id":13,"user_id":31,"team_id":11},{"id":128,"challenge_id":15,"user_id":18,"team_id":11},{"id":129,"challenge_id":9,"user_id":24,"team_id":13},{"id":144,"challenge_id":18,"user_id":18,"team_id":11},{"id":145,"challenge_id":11,"user_id":16,"team_id":7},{"id":152,"challenge_id":11,"user_id":24,"team_id":13},{"id":154,"challenge_id":13,"user_id":24,"team_id":13},{"id":158,"challenge_id":9,"user_id":17,"team_id":10},{"id":159,"challenge_id":15,"user_id":24,"team_id":13},{"id":166,"challenge_id":13,"user_id":16,"team_id":7},{"id":172,"challenge_id":15,"user_id":16,"team_id":7},{"id":177,"challenge_id":11,"user_id":17,"team_id":10},{"id":180,"challenge_id":18,"user_id":24,"team_id":13},{"id":185,"challenge_id":13,"user_id":17,"team_id":10},{"id":187,"challenge_id":9,"user_id":14,"team_id":8},{"id":188,"challenge_id":11,"user_id":15,"team_id":9},{"id":191,"challenge_id":13,"user_id":15,"team_id":9},{"id":194,"challenge_id":9,"user_id":13,"team_id":6},{"id":199,"challenge_id":15,"user_id":17,"team_id":10},{"id":214,"challenge_id":9,"user_id":43,"team_id":17},{"id":218,"challenge_id":11,"user_id":12,"team_id":6},{"id":219,"challenge_id":18,"user_id":21,"team_id":7},{"id":226,"challenge_id":13,"user_id":34,"team_id":6},{"id":240,"challenge_id":9,"user_id":23,"team_id":14},{"id":250,"challenge_id":18,"user_id":10,"team_id":12},{"id":268,"challenge_id":11,"user_id":43,"team_id":17},{"id":282,"challenge_id":13,"user_id":43,"team_id":17},{"id":291,"challenge_id":15,"user_id":43,"team_id":17},{"id":292,"challenge_id":9,"user_id":45,"team_id":18},{"id":309,"challenge_id":15,"user_id":13,"team_id":6},{"id":329,"challenge_id":18,"user_id":17,"team_id":10},{"id":338,"challenge_id":9,"user_id":39,"team_id":16},{"id":352,"challenge_id":20,"user_id":31,"team_id":11},{"id":359,"challenge_id":21,"user_id":31,"team_id":11},{"id":373,"challenge_id":22,"user_id":29,"team_id":11},{"id":378,"challenge_id":9,"user_id":28,"team_id":15},{"id":382,"challenge_id":20,"user_id":16,"team_id":7},{"id":383,"challenge_id":11,"user_id":39,"team_id":16},{"id":384,"challenge_id":15,"user_id":15,"team_id":9},{"id":396,"challenge_id":21,"user_id":16,"team_id":7},{"id":399,"challenge_id":22,"user_id":16,"team_id":7},{"id":404,"challenge_id":13,"user_id":37,"team_id":16},{"id":405,"challenge_id":18,"user_id":13,"team_id":6},{"id":411,"challenge_id":11,"user_id":45,"team_id":18},{"id":418,"challenge_id":23,"user_id":16,"team_id":7},{"id":423,"challenge_id":23,"user_id":29,"team_id":11},{"id":451,"challenge_id":24,"user_id":21,"team_id":7},{"id":454,"challenge_id":15,"user_id":37,"team_id":16},{"id":475,"challenge_id":25,"user_id":19,"team_id":7},{"id":485,"challenge_id":26,"user_id":16,"team_id":7},{"id":516,"challenge_id":27,"user_id":21,"team_id":7},{"id":522,"challenge_id":13,"user_id":46,"team_id":18},{"id":524,"challenge_id":28,"user_id":19,"team_id":7},{"id":532,"challenge_id":29,"user_id":21,"team_id":7},{"id":546,"challenge_id":11,"user_id":49,"team_id":14},{"id":547,"challenge_id":49,"user_id":16,"team_id":7},{"id":549,"challenge_id":24,"user_id":29,"team_id":11},{"id":551,"challenge_id":20,"user_id":24,"team_id":13},{"id":554,"challenge_id":15,"user_id":46,"team_id":18},{"id":561,"challenge_id":21,"user_id":24,"team_id":13},{"id":563,"challenge_id":30,"user_id":16,"team_id":7},{"id":567,"challenge_id":13,"user_id":26,"team_id":14},{"id":568,"challenge_id":31,"user_id":16,"team_id":7},{"id":573,"challenge_id":32,"user_id":16,"team_id":7},{"id":584,"challenge_id":22,"user_id":24,"team_id":13},{"id":596,"challenge_id":25,"user_id":33,"team_id":11},{"id":600,"challenge_id":15,"user_id":35,"team_id":14},{"id":602,"challenge_id":33,"user_id":19,"team_id":7},{"id":608,"challenge_id":23,"user_id":24,"team_id":13},{"id":609,"challenge_id":26,"user_id":18,"team_id":11},{"id":613,"challenge_id":18,"user_id":43,"team_id":17},{"id":614,"challenge_id":27,"user_id":29,"team_id":11},{"id":623,"challenge_id":24,"user_id":24,"team_id":13},{"id":632,"challenge_id":11,"user_id":28,"team_id":15},{"id":634,"challenge_id":18,"user_id":45,"team_id":18},{"id":655,"challenge_id":13,"user_id":28,"team_id":15},{"id":667,"challenge_id":11,"user_id":14,"team_id":8},{"id":672,"challenge_id":25,"user_id":24,"team_id":13},{"id":694,"challenge_id":18,"user_id":23,"team_id":14},{"id":713,"challenge_id":28,"user_id":29,"team_id":11},{"id":715,"challenge_id":15,"user_id":28,"team_id":15},{"id":722,"challenge_id":13,"user_id":14,"team_id":8},{"id":724,"challenge_id":29,"user_id":29,"team_id":11},{"id":734,"challenge_id":15,"user_id":14,"team_id":8},{"id":738,"challenge_id":49,"user_id":18,"team_id":11},{"id":778,"challenge_id":30,"user_id":32,"team_id":11},{"id":784,"challenge_id":34,"user_id":19,"team_id":7},{"id":787,"challenge_id":35,"user_id":19,"team_id":7},{"id":795,"challenge_id":36,"user_id":19,"team_id":7},{"id":807,"challenge_id":37,"user_id":19,"team_id":7},{"id":825,"challenge_id":18,"user_id":39,"team_id":16},{"id":905,"challenge_id":18,"user_id":28,"team_id":15},{"id":924,"challenge_id":20,"user_id":11,"team_id":12},{"id":927,"challenge_id":21,"user_id":41,"team_id":12},{"id":930,"challenge_id":18,"user_id":50,"team_id":8},{"id":940,"challenge_id":22,"user_id":10,"team_id":12},{"id":951,"challenge_id":18,"user_id":15,"team_id":9},{"id":989,"challenge_id":23,"user_id":11,"team_id":12},{"id":994,"challenge_id":20,"user_id":43,"team_id":17},{"id":1005,"challenge_id":24,"user_id":10,"team_id":12},{"id":1031,"challenge_id":20,"user_id":38,"team_id":6},{"id":1033,"challenge_id":20,"user_id":22,"team_id":10},{"id":1039,"challenge_id":21,"user_id":17,"team_id":10},{"id":1040,"challenge_id":31,"user_id":18,"team_id":11},{"id":1042,"challenge_id":21,"user_id":13,"team_id":6},{"id":1044,"challenge_id":25,"user_id":11,"team_id":12},{"id":1049,"challenge_id":22,"user_id":17,"team_id":10},{"id":1069,"challenge_id":22,"user_id":12,"team_id":6},{"id":1071,"challenge_id":26,"user_id":11,"team_id":12},{"id":1079,"challenge_id":27,"user_id":30,"team_id":12},{"id":1093,"challenge_id":20,"user_id":15,"team_id":9},{"id":1111,"challenge_id":21,"user_id":15,"team_id":9},{"id":1118,"challenge_id":32,"user_id":33,"team_id":11},{"id":1146,"challenge_id":23,"user_id":38,"team_id":6},{"id":1155,"challenge_id":20,"user_id":49,"team_id":14},{"id":1206,"challenge_id":26,"user_id":24,"team_id":13},{"id":1232,"challenge_id":21,"user_id":49,"team_id":14},{"id":1242,"challenge_id":23,"user_id":17,"team_id":10},{"id":1243,"challenge_id":20,"user_id":28,"team_id":15},{"id":1245,"challenge_id":22,"user_id":15,"team_id":9},{"id":1246,"challenge_id":24,"user_id":38,"team_id":6},{"id":1249,"challenge_id":27,"user_id":24,"team_id":13},{"id":1277,"challenge_id":22,"user_id":49,"team_id":14},{"id":1301,"challenge_id":21,"user_id":28,"team_id":15},{"id":1304,"challenge_id":3,"user_id":16,"team_id":7},{"id":1306,"challenge_id":28,"user_id":10,"team_id":12},{"id":1315,"challenge_id":24,"user_id":17,"team_id":10},{"id":1316,"challenge_id":23,"user_id":23,"team_id":14},{"id":1321,"challenge_id":28,"user_id":24,"team_id":13},{"id":1323,"challenge_id":29,"user_id":10,"team_id":12},{"id":1325,"challenge_id":29,"user_id":24,"team_id":13},{"id":1329,"challenge_id":22,"user_id":28,"team_id":15},{"id":1331,"challenge_id":20,"user_id":45,"team_id":18},{"id":1336,"challenge_id":49,"user_id":24,"team_id":13},{"id":1349,"challenge_id":49,"user_id":10,"team_id":12},{"id":1392,"challenge_id":30,"user_id":24,"team_id":13},{"id":1395,"challenge_id":25,"user_id":38,"team_id":6},{"id":1401,"challenge_id":20,"user_id":14,"team_id":8},{"id":1457,"challenge_id":21,"user_id":46,"team_id":18},{"id":1475,"challenge_id":24,"user_id":26,"team_id":14},{"id":1477,"challenge_id":21,"user_id":50,"team_id":8},{"id":1478,"challenge_id":25,"user_id":17,"team_id":10},{"id":1479,"challenge_id":30,"user_id":27,"team_id":12},{"id":1493,"challenge_id":20,"user_id":37,"team_id":16},{"id":1497,"challenge_id":1,"user_id":16,"team_id":7},{"id":1498,"challenge_id":21,"user_id":37,"team_id":16},{"id":1502,"challenge_id":22,"user_id":50,"team_id":8},{"id":1504,"challenge_id":26,"user_id":17,"team_id":10},{"id":1513,"challenge_id":23,"user_id":14,"team_id":8},{"id":1520,"challenge_id":27,"user_id":17,"team_id":10},{"id":1539,"challenge_id":22,"user_id":37,"team_id":16},{"id":1548,"challenge_id":21,"user_id":43,"team_id":17},{"id":1552,"challenge_id":23,"user_id":39,"team_id":16},{"id":1556,"challenge_id":26,"user_id":12,"team_id":6},{"id":1559,"challenge_id":25,"user_id":49,"team_id":14},{"id":1562,"challenge_id":28,"user_id":17,"team_id":10},{"id":1564,"challenge_id":23,"user_id":28,"team_id":15},{"id":1581,"challenge_id":27,"user_id":13,"team_id":6},{"id":1589,"challenge_id":29,"user_id":22,"team_id":10},{"id":1594,"challenge_id":22,"user_id":43,"team_id":17},{"id":1598,"challenge_id":49,"user_id":22,"team_id":10},{"id":1599,"challenge_id":24,"user_id":50,"team_id":8},{"id":1605,"challenge_id":23,"user_id":43,"team_id":17},{"id":1610,"challenge_id":22,"user_id":46,"team_id":18},{"id":1611,"challenge_id":23,"user_id":46,"team_id":18},{"id":1616,"challenge_id":24,"user_id":46,"team_id":18},{"id":1618,"challenge_id":25,"user_id":46,"team_id":18},{"id":1619,"challenge_id":31,"user_id":11,"team_id":12},{"id":1623,"challenge_id":26,"user_id":46,"team_id":18},{"id":1652,"challenge_id":24,"user_id":28,"team_id":15},{"id":1655,"challenge_id":42,"user_id":16,"team_id":7},{"id":1658,"challenge_id":28,"user_id":12,"team_id":6},{"id":1668,"challenge_id":29,"user_id":12,"team_id":6},{"id":1676,"challenge_id":24,"user_id":39,"team_id":16},{"id":1679,"challenge_id":26,"user_id":26,"team_id":14},{"id":1681,"challenge_id":49,"user_id":13,"team_id":6},{"id":1683,"challenge_id":3,"user_id":10,"team_id":12},{"id":1686,"challenge_id":40,"user_id":18,"team_id":11},{"id":1701,"challenge_id":1,"user_id":29,"team_id":11},{"id":1716,"challenge_id":24,"user_id":43,"team_id":17},{"id":1719,"challenge_id":25,"user_id":43,"team_id":17},{"id":1727,"challenge_id":26,"user_id":43,"team_id":17},{"id":1729,"challenge_id":27,"user_id":43,"team_id":17},{"id":1732,"challenge_id":28,"user_id":43,"team_id":17},{"id":1734,"challenge_id":29,"user_id":43,"team_id":17},{"id":1737,"challenge_id":40,"user_id":16,"team_id":7},{"id":1741,"challenge_id":49,"user_id":43,"team_id":17},{"id":1750,"challenge_id":7,"user_id":21,"team_id":7},{"id":1751,"challenge_id":1,"user_id":54,"team_id":19},{"id":1757,"challenge_id":30,"user_id":43,"team_id":17},{"id":1760,"challenge_id":3,"user_id":29,"team_id":11},{"id":1762,"challenge_id":1,"user_id":12,"team_id":6},{"id":1764,"challenge_id":31,"user_id":24,"team_id":13},{"id":1767,"challenge_id":32,"user_id":24,"team_id":13},{"id":1770,"challenge_id":1,"user_id":43,"team_id":17},{"id":1771,"challenge_id":6,"user_id":18,"team_id":11},{"id":1779,"challenge_id":1,"user_id":49,"team_id":14},{"id":1780,"challenge_id":41,"user_id":18,"team_id":11},{"id":1789,"challenge_id":30,"user_id":13,"team_id":6},{"id":1803,"challenge_id":42,"user_id":24,"team_id":13},{"id":1819,"challenge_id":42,"user_id":22,"team_id":10},{"id":1823,"challenge_id":42,"user_id":29,"team_id":11},{"id":1824,"challenge_id":42,"user_id":43,"team_id":17},{"id":1830,"challenge_id":42,"user_id":10,"team_id":12},{"id":1833,"challenge_id":42,"user_id":28,"team_id":15},{"id":1837,"challenge_id":2,"user_id":10,"team_id":12},{"id":1845,"challenge_id":2,"user_id":25,"team_id":9},{"id":1848,"challenge_id":1,"user_id":52,"team_id":15},{"id":1852,"challenge_id":1,"user_id":55,"team_id":20},{"id":1855,"challenge_id":2,"user_id":55,"team_id":20},{"id":1857,"challenge_id":2,"user_id":16,"team_id":7},{"id":1864,"challenge_id":33,"user_id":24,"team_id":13},{"id":1865,"challenge_id":40,"user_id":53,"team_id":10},{"id":1866,"challenge_id":34,"user_id":24,"team_id":13},{"id":1868,"challenge_id":2,"user_id":56,"team_id":21},{"id":1871,"challenge_id":1,"user_id":56,"team_id":21},{"id":1883,"challenge_id":8,"user_id":16,"team_id":7},{"id":1886,"challenge_id":8,"user_id":38,"team_id":6},{"id":1890,"challenge_id":33,"user_id":31,"team_id":11},{"id":1897,"challenge_id":40,"user_id":14,"team_id":8},{"id":1911,"challenge_id":34,"user_id":31,"team_id":11},{"id":1912,"challenge_id":35,"user_id":24,"team_id":13},{"id":1914,"challenge_id":31,"user_id":43,"team_id":17},{"id":1915,"challenge_id":32,"user_id":43,"team_id":17},{"id":1917,"challenge_id":3,"user_id":28,"team_id":15},{"id":1933,"challenge_id":33,"user_id":43,"team_id":17},{"id":1934,"challenge_id":35,"user_id":31,"team_id":11},{"id":1936,"challenge_id":8,"user_id":28,"team_id":15},{"id":1937,"challenge_id":1,"user_id":10,"team_id":12},{"id":1938,"challenge_id":36,"user_id":33,"team_id":11},{"id":1942,"challenge_id":6,"user_id":24,"team_id":13},{"id":1945,"challenge_id":6,"user_id":27,"team_id":12},{"id":1947,"challenge_id":1,"user_id":53,"team_id":10},{"id":1948,"challenge_id":25,"user_id":14,"team_id":8},{"id":1955,"challenge_id":32,"user_id":11,"team_id":12},{"id":1958,"challenge_id":33,"user_id":11,"team_id":12},{"id":1959,"challenge_id":37,"user_id":31,"team_id":11},{"id":1960,"challenge_id":34,"user_id":11,"team_id":12},{"id":1961,"challenge_id":35,"user_id":11,"team_id":12},{"id":1962,"challenge_id":26,"user_id":14,"team_id":8},{"id":1963,"challenge_id":36,"user_id":11,"team_id":12},{"id":1964,"challenge_id":3,"user_id":24,"team_id":13},{"id":1965,"challenge_id":27,"user_id":14,"team_id":8},{"id":1968,"challenge_id":37,"user_id":11,"team_id":12},{"id":1972,"challenge_id":28,"user_id":14,"team_id":8},{"id":1973,"challenge_id":8,"user_id":53,"team_id":10},{"id":1974,"challenge_id":8,"user_id":18,"team_id":11},{"id":1975,"challenge_id":6,"user_id":16,"team_id":7},{"id":1979,"challenge_id":41,"user_id":44,"team_id":12},{"id":1980,"challenge_id":41,"user_id":28,"team_id":15}],"meta":{}}