{"count":17,"results":[{"id":1,"oauth_id":null,"name":"TestAdmin","email":null,"password":"$bcrypt-sha256$2b,12$CTb3IIjwF7KOt1oFUA5ZcO$LG7Wy7RjIkwPR1GNrTQWNDl/YiLxUDe","secret":null,"website":null,"affiliation":null,"country":null,"bracket":null,"hidden":0,"banned":0,"created":"2021-12-16T13:34:51","captain_id":1},{"id":6,"oauth_id":null,"name":"BestMagEver","email":null,"password":"$bcrypt-sha256$2b,12$VcO0EFl2NmshKV14cbZZp.$6LfQ3dxK/oO.QIx6RXnyn2JBHe06maC","secret":null,"website":"","affiliation":"","country":"","bracket":null,"hidden":0,"banned":0,"created":"2022-05-15T07:02:02","captain_id":13},{"id":7,"oauth_id":null,"name":"team_12","email":null,"password":"$bcrypt-sha256$2b,12$uYINuVoBdIpLk.TpGNUux.$AvMmVrbSOi3yFdJmESdgdpZAgwFDvFS","secret":null,"website":null,"affiliation":null,"country":null,"bracket":null,"hidden":0,"banned":0,"created":"2022-05-15T07:02:56","captain_id":16},{"id":8,"oauth_id":null,"name":"team9","email":null,"password":"$bcrypt-sha256$2b,12$nyXgjWp8Zu.oE2Ka2v145O$IZpiikmHHhDFxXQhzJVfvqrY/Q1cVL2","secret":null,"website":"","affiliation":"","country":"","bracket":null,"hidden":0,"banned":0,"created":"2022-05-15T07:03:02","captain_id":14},{"id":9,"oauth_id":null,"name":"MOD not IDF (team 7)","email":null,"password":"$bcrypt-sha256$2b,12$XGBfBbuedsmXJyt/sU4kle$qiw/pd2Q43BkfZGL5btZVFHOQUnmfPq","secret":null,"website":null,"affiliation":null,"country":null,"bracket":null,"hidden":0,"banned":0,"created":"2022-05-15T07:03:14","captain_id":15},{"id":10,"oauth_id":null,"name":"Team_555_Hamsa","email":null,"password":"$bcrypt-sha256$2b,12$hekbcv3bt1igsoZXivLmOO$UisJjTerOyJ8CWFGNePWTH.swky3Gky","secret":null,"website":null,"affiliation":null,"country":null,"bracket":null,"hidden":0,"banned":0,"created":"2022-05-15T07:03:56","captain_id":17},{"id":11,"oauth_id":null,"name":"kvotza11","email":null,"password":"$bcrypt-sha256$2b,12$Z7KUdUII0qWzDjpTCgum7e$AQqJsRrQDet3tc8e7WOXWafwfuxVBea","secret":null,"website":null,"affiliation":null,"country":null,"bracket":null,"hidden":0,"banned":0,"created":"2022-05-15T07:04:01","captain_id":18},{"id":12,"oauth_id":null,"name":"splunk4dummies","email":null,"password":"$bcrypt-sha256$2b,12$L6Anrh65ZTfyzW195f1pte$PRrd3haB2mE7LnM9plz7RqKtQGSL2Rq","secret":null,"website":null,"affiliation":null,"country":null,"bracket":null,"hidden":0,"banned":0,"created":"2022-05-15T07:04:25","captain_id":11},{"id":13,"oauth_id":null,"name":"104_team","email":null,"password":"$bcrypt-sha256$2b,12$ztx8xZBqGhlkm8lh2xLUdu$vf5Hf1JQaqU3OezPDLbu8DQP.FB0fOW","secret":null,"website":null,"affiliation":null,"country":null,"bracket":null,"hidden":0,"banned":0,"created":"2022-05-15T07:05:44","captain_id":24},{"id":14,"oauth_id":null,"name":"Team3","email":null,"password":"$bcrypt-sha256$2b,12$z7jOWmrb23iXVJVq/MQMfu$73QmTaTxerIOtXrOCypGT.PFfSo6Qpa","secret":null,"website":null,"affiliation":null,"country":null,"bracket":null,"hidden":0,"banned":0,"created":"2022-05-15T07:06:01","captain_id":26},{"id":15,"oauth_id":null,"name":"Sons and Daughters of Sun","email":null,"password":"$bcrypt-sha256$2b,12$zROdwWdRzACLSXRdnpvNP.$sKCubRY8o8OIunJsl3RplHyIEt74tO2","secret":null,"website":null,"affiliation":null,"country":null,"bracket":null,"hidden":0,"banned":0,"created":"2022-05-15T07:06:32","captain_id":28},{"id":16,"oauth_id":null,"name":"team8","email":null,"password":"$bcrypt-sha256$2b,12$HkfEhWzlhoxXoXWaPEVll.$21Y0l9JCo6/nR9TaQuc9ymAyOcvlWle","secret":null,"website":null,"affiliation":null,"country":null,"bracket":null,"hidden":0,"banned":0,"created":"2022-05-15T07:09:34","captain_id":37},{"id":17,"oauth_id":null,"name":"demo_team","email":null,"password":"$bcrypt-sha256$2b,12$Jg3BKIeZtD30ozerXaJdeu$wfj1MYl7502.oaLAU.ZxBc.dD7H0Q7y","secret":null,"website":null,"affiliation":null,"country":null,"bracket":null,"hidden":0,"banned":0,"created":"2022-05-15T07:20:11","captain_id":43},{"id":18,"oauth_id":null,"name":"splunkteam","email":null,"password":"$bcrypt-sha256$2b,12$apPrpvh5jCu7bs1HPiWlKe$0OWRjETLcwJ9.lbHrd7nayRu20ttDz2","secret":null,"website":null,"affiliation":null,"country":null,"bracket":null,"hidden":0,"banned":0,"created":"2022-05-15T07:27:43","captain_id":45},{"id":19,"oauth_id":null,"name":"ajsfhjk","email":null,"password":"$bcrypt-sha256$2b,12$r20KsLabgBO77Iq6CmuEPe$l3J1QHyhMGORn2MQh.HZj.U..fy5feO","secret":null,"website":null,"affiliation":null,"country":null,"bracket":null,"hidden":0,"banned":0,"created":"2022-05-15T11:43:32","captain_id":54},{"id":20,"oauth_id":null,"name":"asdjk","email":null,"password":"$bcrypt-sha256$2b,12$AdMB/dVUfCYNZpgiFsvfr.$K78q3N1IkQ5jfNLgqa/BbE6NC.q6n22","secret":null,"website":null,"affiliation":null,"country":null,"bracket":null,"hidden":0,"banned":0,"created":"2022-05-15T12:23:48","captain_id":55},{"id":21,"oauth_id":null,"name":"asdjkhas","email":null,"password":"$bcrypt-sha256$2b,12$HGKacOvtQ7JpwllEGJ3d7.$70jewaZVharXQbDYDksPlVE6q8aA9Z2","secret":null,"website":null,"affiliation":null,"country":null,"bracket":null,"hidden":0,"banned":0,"created":"2022-05-15T12:32:52","captain_id":56}],"meta":{}}