{"count":12,"results":[{"id":3,"user_id":37,"team_id":16,"target":5,"date":"2022-05-15T11:22:40","type":"hints"},{"id":4,"user_id":10,"team_id":12,"target":5,"date":"2022-05-15T11:41:20","type":"hints"},{"id":5,"user_id":54,"team_id":19,"target":5,"date":"2022-05-15T11:44:15","type":"hints"},{"id":6,"user_id":55,"team_id":20,"target":1,"date":"2022-05-15T12:24:00","type":"hints"},{"id":7,"user_id":56,"team_id":21,"target":2,"date":"2022-05-15T12:33:05","type":"hints"},{"id":8,"user_id":56,"team_id":21,"target":3,"date":"2022-05-15T12:33:31","type":"hints"},{"id":9,"user_id":12,"team_id":6,"target":5,"date":"2022-05-15T13:53:34","type":"hints"},{"id":10,"user_id":12,"team_id":6,"target":4,"date":"2022-05-15T13:54:20","type":"hints"},{"id":11,"user_id":12,"team_id":6,"target":2,"date":"2022-05-15T13:54:49","type":"hints"},{"id":12,"user_id":12,"team_id":6,"target":3,"date":"2022-05-15T13:55:06","type":"hints"},{"id":13,"user_id":12,"team_id":6,"target":6,"date":"2022-05-15T13:56:39","type":"hints"},{"id":14,"user_id":12,"team_id":6,"target":1,"date":"2022-05-15T13:57:57","type":"hints"}],"meta":{}}