{"count":49,"results":[{"id":1,"oauth_id":null,"name":"ctfctf","password":"$bcrypt-sha256$2b,12$g7TxM3waAgCr4M6d0tcSZ.$SFKzJbqGJ7PTHpPwDgvijj9WxNhuTIO","email":"cyberctflilach@gmail.com","type":"admin","secret":null,"website":null,"affiliation":null,"country":null,"bracket":null,"hidden":1,"banned":0,"verified":0,"team_id":1,"created":"2021-12-16T12:52:27"},{"id":9,"oauth_id":null,"name":"asdf","password":"$bcrypt-sha256$2b,12$JqZE/j7GkPlUyDcIjyI8Re$URhsIqrXlf8bX9IK7YLFEYS.r9zt5oC","email":"asdf@asdf.com","type":"user","secret":null,"website":null,"affiliation":null,"country":null,"bracket":null,"hidden":0,"banned":0,"verified":0,"team_id":null,"created":"2022-05-14T18:58:32"},{"id":10,"oauth_id":null,"name":"eladzazon","password":"$bcrypt-sha256$2b,12$dcO6zX8EgFMjlT8.ayk00.$tZThwmN8EUzdaphEN8XwiK6ubfTyOp6","email":"eladzazon@gmail.com","type":"user","secret":null,"website":null,"affiliation":null,"country":null,"bracket":null,"hidden":0,"banned":0,"verified":0,"team_id":12,"created":"2022-05-15T07:00:05"},{"id":11,"oauth_id":null,"name":"peleg07","password":"$bcrypt-sha256$2b,12$fi9kxT2bkJ4XSnsxY28Qyu$O3HvxgrD9si4slLl/SyrDgrnEu.Wp16","email":"peleg07@gmail.com","type":"user","secret":null,"website":null,"affiliation":null,"country":null,"bracket":null,"hidden":0,"banned":0,"verified":0,"team_id":12,"created":"2022-05-15T07:00:37"},{"id":12,"oauth_id":null,"name":"ofer yakobi","password":"$bcrypt-sha256$2b,12$3gcTI00J0QX1lE02QWAN1.$cQMSMR2x7MRl2EIUqpNVhBLHnBLh4bm","email":"oferyakobi@gmail.com","type":"user","secret":null,"website":null,"affiliation":null,"country":null,"bracket":null,"hidden":0,"banned":0,"verified":0,"team_id":6,"created":"2022-05-15T07:01:15"},{"id":13,"oauth_id":null,"name":"Shay_Shimshon","password":"$bcrypt-sha256$2b,12$6MCQCQW/22JmFGHPSynmb.$FzG.MvGMT6s3CEMjemr6qF9KNYTFTj2","email":"shayshimshon@gmail.com","type":"user","secret":null,"website":null,"affiliation":null,"country":null,"bracket":null,"hidden":0,"banned":0,"verified":0,"team_id":6,"created":"2022-05-15T07:01:32"},{"id":14,"oauth_id":null,"name":"ereld","password":"$bcrypt-sha256$2b,12$wYMsZyJEPYVJWtFSFDvjh.$ppp6Hpsd5py047tOmRrbkBhqdMhNUrW","email":"18ereli@gmail.com","type":"user","secret":null,"website":null,"affiliation":null,"country":null,"bracket":null,"hidden":0,"banned":0,"verified":0,"team_id":8,"created":"2022-05-15T07:02:26"},{"id":15,"oauth_id":null,"name":"eladl","password":"$bcrypt-sha256$2b,12$TTCiF2VsLWCYF.SNypQfD.$so9I4wu4n7lwdIHLZ0dkw3BBePVHmJ6","email":"eladgamer7@gmail.com","type":"user","secret":null,"website":null,"affiliation":null,"country":null,"bracket":null,"hidden":0,"banned":0,"verified":0,"team_id":9,"created":"2022-05-15T07:02:35"},{"id":16,"oauth_id":null,"name":"raz_shuli_gavriel","password":"$bcrypt-sha256$2b,12$ywpDL8i6IWUdrhgWS2inMe$gAxR7RauYLUz75bp/8NpSmI.aeWXgni","email":"vobimi4417@dufeed.com","type":"user","secret":null,"website":null,"affiliation":null,"country":null,"bracket":null,"hidden":0,"banned":0,"verified":0,"team_id":7,"created":"2022-05-15T07:02:43"},{"id":17,"oauth_id":null,"name":"Yaelby","password":"$bcrypt-sha256$2b,12$PlTnTZ1gcIsJJlz1BVyY1O$PItxIDsLd40u08riZskWwyjJ65ALWxK","email":"something@gmail.com","type":"user","secret":null,"website":null,"affiliation":null,"country":null,"bracket":null,"hidden":0,"banned":0,"verified":0,"team_id":10,"created":"2022-05-15T07:02:55"},{"id":18,"oauth_id":null,"name":"Timean123","password":"$bcrypt-sha256$2b,12$7kJXXCsgoZypEyGyISZbgO$qrwhf.wbMW7kWP2fR8xl.mAivPuuZse","email":"yuval199985@gmail.com","type":"user","secret":null,"website":null,"affiliation":null,"country":null,"bracket":null,"hidden":0,"banned":0,"verified":0,"team_id":11,"created":"2022-05-15T07:03:29"},{"id":19,"oauth_id":null,"name":"m","password":"$bcrypt-sha256$2b,12$1uCTDkr7I4.ddEGEHVKGku$bx1AbmNknCGgDKD2/5bsK0UDm4pDAs.","email":"dsf@aswd.com","type":"user","secret":null,"website":null,"affiliation":null,"country":null,"bracket":null,"hidden":0,"banned":0,"verified":0,"team_id":7,"created":"2022-05-15T07:03:30"},{"id":20,"oauth_id":null,"name":"sd","password":"$bcrypt-sha256$2b,12$2HvixTw7jtRWq3J4wOuqw.$J4NLJ5waoDIim1pBX0M.KWC6hFjaYHy","email":"asd@asdf.com","type":"user","secret":null,"website":null,"affiliation":null,"country":null,"bracket":null,"hidden":0,"banned":0,"verified":0,"team_id":null,"created":"2022-05-15T07:03:52"},{"id":21,"oauth_id":null,"name":"potatodetomato","password":"$bcrypt-sha256$2b,12$PJbMOCi7miRlbVRwzTsNpO$WscNDzxb/5JhWoI9JufV.fs/apnR.Ee","email":"zivnavon9@gmail.com","type":"user","secret":null,"website":null,"affiliation":null,"country":null,"bracket":null,"hidden":0,"banned":0,"verified":0,"team_id":7,"created":"2022-05-15T07:04:00"},{"id":22,"oauth_id":null,"name":"Yotam Korah","password":"$bcrypt-sha256$2b,12$/QHwA4tcy2PvM2KxSR2tY.$D9HKlPJrN08aviOPSVNcCJXwoRzRn.6","email":"123@gmail.com","type":"user","secret":null,"website":null,"affiliation":null,"country":null,"bracket":null,"hidden":0,"banned":0,"verified":0,"team_id":10,"created":"2022-05-15T07:04:23"},{"id":23,"oauth_id":null,"name":"ofek1205","password":"$bcrypt-sha256$2b,12$.8Dz829fzoFJTIijpa.JBO$wqXq2XCvGnsZgMZ59JkFLeDtI6TsbXa","email":"halabi1205@gmail.com","type":"user","secret":null,"website":null,"affiliation":null,"country":null,"bracket":null,"hidden":0,"banned":0,"verified":0,"team_id":14,"created":"2022-05-15T07:05:08"},{"id":24,"oauth_id":null,"name":"104_team","password":"$bcrypt-sha256$2b,12$IqaU.D7Fp.70npb2xR6iMO$.W4vhPTH6yDIxbpYrvs0OORkbMf6R12","email":"shaar81@gmail.com","type":"user","secret":null,"website":null,"affiliation":null,"country":null,"bracket":null,"hidden":0,"banned":0,"verified":0,"team_id":13,"created":"2022-05-15T07:05:25"},{"id":25,"oauth_id":null,"name":"matan","password":"$bcrypt-sha256$2b,12$K59q0Cb8cqqF/ipTneMXhO$3IaBc3Shi4KdyM3xfzSAPZMKTzBi/3u","email":"altermatan159357@gmail.com","type":"user","secret":null,"website":null,"affiliation":null,"country":null,"bracket":null,"hidden":0,"banned":0,"verified":0,"team_id":9,"created":"2022-05-15T07:05:31"},{"id":26,"oauth_id":null,"name":"BarRotem","password":"$bcrypt-sha256$2b,12$xLpIX0nCYrJSzes9Kb5j7.$6qSxawbjlNjQy25M.NJdyIzESBdzECW","email":"bar.rotem45@gmail.com","type":"user","secret":null,"website":null,"affiliation":null,"country":null,"bracket":null,"hidden":0,"banned":0,"verified":0,"team_id":14,"created":"2022-05-15T07:05:33"},{"id":27,"oauth_id":null,"name":"shir","password":"$bcrypt-sha256$2b,12$KrabVGr.u0GtpPk5DxNkE.$DGE5w4Da5xg701xwKf/ua.U5rIpwZ9y","email":"shirginz@gmail.com","type":"user","secret":null,"website":null,"affiliation":null,"country":null,"bracket":null,"hidden":0,"banned":0,"verified":0,"team_id":12,"created":"2022-05-15T07:05:41"},{"id":28,"oauth_id":null,"name":"Raz Hulyo Gavriel","password":"$bcrypt-sha256$2b,12$Sf6E.iM6l/cGI0fdP6f61u$s6foS1rreeilIhp9MVWY6rtaEnZxCjG","email":"raz5338@gmail.com","type":"user","secret":null,"website":null,"affiliation":null,"country":null,"bracket":null,"hidden":0,"banned":0,"verified":0,"team_id":15,"created":"2022-05-15T07:06:00"},{"id":29,"oauth_id":null,"name":"edofi","password":"$bcrypt-sha256$2b,12$LeszfZ8LrVwsvVnkdBlPrO$9VFUQoP5pKCIJBK4lugk146SczQpH0q","email":"edofi123@gmail.com","type":"user","secret":null,"website":null,"affiliation":null,"country":null,"bracket":null,"hidden":0,"banned":0,"verified":0,"team_id":11,"created":"2022-05-15T07:06:00"},{"id":30,"oauth_id":null,"name":"Tamir","password":"$bcrypt-sha256$2b,12$Tos4u1oooHAIxawdwxVqbO$U7DBwgozYG8ONvTDICfMyexNYz8hJ6q","email":"tamir.f22@gmail.com","type":"user","secret":null,"website":null,"affiliation":null,"country":null,"bracket":null,"hidden":0,"banned":0,"verified":0,"team_id":12,"created":"2022-05-15T07:06:07"},{"id":31,"oauth_id":null,"name":"Alimov","password":"$bcrypt-sha256$2b,12$HUhV/BccC.Ge0rmMbHbUAu$e.J9epke7qG.8gl/dX4tPS2vmMh0Bge","email":"danielalimov146@gmail.com","type":"user","secret":null,"website":null,"affiliation":null,"country":null,"bracket":null,"hidden":0,"banned":0,"verified":0,"team_id":11,"created":"2022-05-15T07:06:16"},{"id":32,"oauth_id":null,"name":"Huris","password":"$bcrypt-sha256$2b,12$DFPR4tW/uT6qd74eCK1f6.$byw5Qpfl8G14dBWHE7ciK1UEYPxQlAi","email":"eyalhuri5@gmail.com","type":"user","secret":null,"website":null,"affiliation":null,"country":null,"bracket":null,"hidden":0,"banned":0,"verified":0,"team_id":11,"created":"2022-05-15T07:06:32"},{"id":33,"oauth_id":null,"name":"itamartz","password":"$bcrypt-sha256$2b,12$vkg0ltrojaBVVvGr7e22Lu$R0VEPSSH.cDX0fbsObMDR6mcKN8VBgK","email":"i0546746147@gmail.com","type":"user","secret":null,"website":null,"affiliation":null,"country":null,"bracket":null,"hidden":0,"banned":0,"verified":0,"team_id":11,"created":"2022-05-15T07:07:05"},{"id":34,"oauth_id":null,"name":"osher","password":"$bcrypt-sha256$2b,12$0gdzMvD2U1FbUPfpScbor.$VXaf5Wwzm/dEWrMBY7rOk6/oVyVNUPG","email":"osher67437@gmail.com","type":"user","secret":null,"website":null,"affiliation":null,"country":null,"bracket":null,"hidden":0,"banned":0,"verified":0,"team_id":6,"created":"2022-05-15T07:07:39"},{"id":35,"oauth_id":null,"name":"amit sagi","password":"$bcrypt-sha256$2b,12$KGCfwP6/YqP5IoRbwesCD.$ZjMQlnQQ.kfhx5H6MwYFKEaveTXX.rW","email":"amitsagi10@gamil.com","type":"user","secret":null,"website":null,"affiliation":null,"country":null,"bracket":null,"hidden":0,"banned":0,"verified":0,"team_id":14,"created":"2022-05-15T07:08:05"},{"id":36,"oauth_id":null,"name":"Yoav lavsovski","password":"$bcrypt-sha256$2b,12$Qo.tC9FNyS/tatSOEXc.De$fTvdpl4slEiTytBpr8HGzbzkdE.hw0.","email":"yoav.lavs@gmail.com","type":"user","secret":null,"website":null,"affiliation":null,"country":null,"bracket":null,"hidden":0,"banned":0,"verified":0,"team_id":null,"created":"2022-05-15T07:08:19"},{"id":37,"oauth_id":null,"name":"team8","password":"$bcrypt-sha256$2b,12$CeIx0piUDoKXXyyWymd6hO$vY3Oo4aXSouNxmZzeXhn5LfWHyGCgUK","email":"honen22835@cupbest.com","type":"user","secret":null,"website":null,"affiliation":null,"country":null,"bracket":null,"hidden":0,"banned":0,"verified":0,"team_id":16,"created":"2022-05-15T07:08:33"},{"id":38,"oauth_id":null,"name":"ofek_haviv","password":"$bcrypt-sha256$2b,12$d37fe46jfidNK/bRdWajXu$EX90gpYRGhOGWQokJVBgr1fD7UB1mp6","email":"ofek.haviv2@gmail.com","type":"user","secret":null,"website":null,"affiliation":null,"country":null,"bracket":null,"hidden":0,"banned":0,"verified":0,"team_id":6,"created":"2022-05-15T07:08:53"},{"id":39,"oauth_id":null,"name":"jasmine","password":"$bcrypt-sha256$2b,12$re0tPGRjTjYITZVhjWRKZe$vzmHCgWUxNZ3ccggTemd1w4dvvd62P2","email":"jassminemaizel@gmail.com","type":"user","secret":null,"website":null,"affiliation":null,"country":null,"bracket":null,"hidden":0,"banned":0,"verified":0,"team_id":16,"created":"2022-05-15T07:12:05"},{"id":40,"oauth_id":null,"name":"peleg","password":"$bcrypt-sha256$2b,12$lv9c9QnCr4vIDhQGRuel7O$jK/GYBYLFg3Du2rPV35dmLLVVxt2AxC","email":"peleg.nakav1@gmail.com","type":"user","secret":null,"website":null,"affiliation":null,"country":null,"bracket":null,"hidden":0,"banned":0,"verified":0,"team_id":16,"created":"2022-05-15T07:17:04"},{"id":41,"oauth_id":null,"name":"ofekzip","password":"$bcrypt-sha256$2b,12$4su/4BMbS3M4fJrD2/hK..$IiwN1m8RI1vPXSM0VL1GLlwj9zXUkhi","email":"ofekzipp@gmail.com","type":"user","secret":null,"website":null,"affiliation":null,"country":null,"bracket":null,"hidden":0,"banned":0,"verified":0,"team_id":12,"created":"2022-05-15T07:19:08"},{"id":42,"oauth_id":null,"name":"alison","password":"$bcrypt-sha256$2b,12$oeQWCL5DPGDR3kn4F/RYAe$jkqJc1QsLlX7pMcwde/i15bov6qE92C","email":"rafael21082002aya@gmail.com","type":"user","secret":null,"website":null,"affiliation":null,"country":null,"bracket":null,"hidden":0,"banned":0,"verified":0,"team_id":7,"created":"2022-05-15T07:19:44"},{"id":43,"oauth_id":null,"name":"ehudb","password":"$bcrypt-sha256$2b,12$8TpPfgZaT5sXqQO8TZWAae$Ug2oPrGId7Y77zNRpJSjSmAlxs7yWYm","email":"ehud.ba@emet.co.il","type":"user","secret":null,"website":null,"affiliation":null,"country":null,"bracket":null,"hidden":0,"banned":0,"verified":0,"team_id":17,"created":"2022-05-15T07:19:59"},{"id":44,"oauth_id":null,"name":"farage","password":"$bcrypt-sha256$2b,12$8.qF36xgtJZNBBADTkNbHe$99SAM1fvpAEB/PzQPZZ4g7XIn15/Kyy","email":"eladfarage@gmail.com","type":"user","secret":null,"website":null,"affiliation":null,"country":null,"bracket":null,"hidden":0,"banned":0,"verified":0,"team_id":12,"created":"2022-05-15T07:20:25"},{"id":45,"oauth_id":null,"name":"ami","password":"$bcrypt-sha256$2b,12$l6r0FsDUyvG/R.4QGh0F/.$/xtne2WdzzQo3u3CL8zwmQy355tC6J6","email":"asuissa@gmail.com","type":"user","secret":null,"website":null,"affiliation":null,"country":null,"bracket":null,"hidden":0,"banned":0,"verified":0,"team_id":18,"created":"2022-05-15T07:27:29"},{"id":46,"oauth_id":null,"name":"Shahaf","password":"$bcrypt-sha256$2b,12$/9ZltCfqxbTio3NKwvz5b.$7NPE4rDnSWnKGn7WMwVl5NTHNd/oOty","email":"shahafc@splunk.com","type":"user","secret":null,"website":null,"affiliation":null,"country":null,"bracket":null,"hidden":0,"banned":0,"verified":0,"team_id":18,"created":"2022-05-15T07:27:49"},{"id":47,"oauth_id":null,"name":"dariak","password":"$bcrypt-sha256$2b,12$Kvg6aENms7FJaKaA02hwqe$GHa2EvppIETIZ52/n9Don.tv/3/gZXG","email":"dariakalugny@gmail.com","type":"user","secret":null,"website":null,"affiliation":null,"country":null,"bracket":null,"hidden":0,"banned":0,"verified":0,"team_id":9,"created":"2022-05-15T07:33:53"},{"id":48,"oauth_id":null,"name":"DanielC","password":"$bcrypt-sha256$2b,12$xazM2tE8UD.iczDVW9DQx.$xQcnC95pvoNB.UmnQ7CC64.MPXru/3C","email":"jhfrjh@jjjj.com","type":"user","secret":null,"website":null,"affiliation":null,"country":null,"bracket":null,"hidden":0,"banned":0,"verified":0,"team_id":8,"created":"2022-05-15T07:35:06"},{"id":49,"oauth_id":null,"name":"sergey","password":"$bcrypt-sha256$2b,12$9RIxo.yIhbTpZssp.Y86f.$nUx3R9oQaEnF/OmxdNPe21QMjgOS16O","email":"sergey.kozyrev@gmail.com","type":"user","secret":null,"website":null,"affiliation":null,"country":null,"bracket":null,"hidden":0,"banned":0,"verified":0,"team_id":14,"created":"2022-05-15T07:37:02"},{"id":50,"oauth_id":null,"name":"DanielC123","password":"$bcrypt-sha256$2b,12$QssR/YYjMX/1sBUtkZuHe.$vbd.M37fv6AbrH47/Fr43kYq/I2662y","email":"frlfjljl@jkl.com","type":"user","secret":null,"website":null,"affiliation":null,"country":null,"bracket":null,"hidden":0,"banned":0,"verified":0,"team_id":8,"created":"2022-05-15T07:37:17"},{"id":51,"oauth_id":null,"name":"dariakalugny","password":"$bcrypt-sha256$2b,12$gNstQ9DdvQqJlHAF4WnPLe$1IwY0n/DOF3WxzaKH5K6F/QMcbiRoU2","email":"talamar166@gmail.com","type":"user","secret":null,"website":null,"affiliation":null,"country":null,"bracket":null,"hidden":0,"banned":0,"verified":0,"team_id":8,"created":"2022-05-15T07:50:58"},{"id":52,"oauth_id":null,"name":"roni","password":"$bcrypt-sha256$2b,12$ciFgoflqlEZMXgGq3serBe$R606x6DiUeMScXS2fIQyjchV/FK9e32","email":"ronir252@gmail.com","type":"user","secret":null,"website":null,"affiliation":null,"country":null,"bracket":null,"hidden":0,"banned":0,"verified":0,"team_id":15,"created":"2022-05-15T11:01:47"},{"id":53,"oauth_id":null,"name":"eitan","password":"$bcrypt-sha256$2b,12$XiNwQjqvm1EIwZ1sYN76Y.$TLlzDvJbLDqcDZ7Wnypd8UkQfUNTQOm","email":"eitanm112233@gmail.com","type":"user","secret":null,"website":null,"affiliation":null,"country":null,"bracket":null,"hidden":0,"banned":0,"verified":0,"team_id":10,"created":"2022-05-15T11:25:46"},{"id":54,"oauth_id":null,"name":"mam","password":"$bcrypt-sha256$2b,12$nogI14aDj6nicuB9yGELpO$FFUJQz9sjQHWn1WbDrdx38j0FaX4cP6","email":"kaka@asdf.com","type":"user","secret":null,"website":null,"affiliation":null,"country":null,"bracket":null,"hidden":0,"banned":0,"verified":0,"team_id":19,"created":"2022-05-15T11:43:24"},{"id":55,"oauth_id":null,"name":"asdasd","password":"$bcrypt-sha256$2b,12$gz1mlkEJhZ6cQ.t8BDk2xu$zpSeAad7SIoEfvgpWFfoLKdlDayG1w6","email":"aslkdjlaksjd.akjshd@asjdk.ajkhd","type":"user","secret":null,"website":null,"affiliation":null,"country":null,"bracket":null,"hidden":0,"banned":0,"verified":0,"team_id":20,"created":"2022-05-15T12:23:41"},{"id":56,"oauth_id":null,"name":"a,dfdajfh","password":"$bcrypt-sha256$2b,12$yOq3vRYE5DcuE0wl6GJt5u$Tppsm7OPzu/yMhQXSDnY4E3GslLEh8O","email":"asjkhdjaskhd@aksjdh.sajkhd","type":"user","secret":null,"website":null,"affiliation":null,"country":null,"bracket":null,"hidden":0,"banned":0,"verified":0,"team_id":21,"created":"2022-05-15T12:32:46"}],"meta":{}}