{"count":5,"results":[{"id":1,"type":"standard","challenge_id":2,"content":"look at your keyboard","cost":30,"requirements":null},{"id":2,"type":"standard","challenge_id":4,"content":"in the pcap file is usb activity of some HID device.\nadvice: use wireshark together with usbpcap plugin.","cost":20,"requirements":null},{"id":3,"type":"standard","challenge_id":4,"content":"# python script to extract all mouse pointer positions in pcap\n#\n# this challenge was recorded with logitech g602 mouse.\n\nfrom scapy.all import *\nimport pyautogui\nimport time\n\n\nBTN_BYTE  = -8\nX_BYTE    = -6\nY_BYTE    = -4\nSCRN_WIDTH, SCRN_HIGHT = pyautogui.size()\n\ndef main():\n    \n# ----- import pcap -----\n\n\n    packets = rdpcap('<filename>.pcapng')\n    hid_datas = []\n\n\n# ----- make a list of all mouse movements -----\n\n\n    for packeta in packets:\n\n        # HORIZONTAL movement -\n        if ():  # no movement\n            pass\n        else:   # movemenet\n            pass\n            if ():  # moved to the right\n                pass\n            else:   # moved to the left\n                pass\n        \n        # VERTICAL movement -\n        if ():  # no movement\n            pass\n        else:   # movemenet\n            pass\n            if ():  # moved up\n                pass\n            else:   # moved down\n                pass\n\n        hid_datas.append({\n            'left_btn_pressed' : '',\n            'x'         : '',\n            'y'         : ''\n        })\n\n    \n\n# ----- replay all captured activity -----\n\n\n    x_idx = ''     # START X\n    y_idx = ''     # START Y\n    for hid_data in hid_datas:\n        x_idx += hid_data['x']\n        y_idx += hid_data['y']\n    if (hid_data['left_btn_pressed']):\n        pyautogui.click(x_idx, y_idx)\n\n\n\nif __name__ == \"__main__\":\n  main()\n\n    \n","cost":20,"requirements":null},{"id":4,"type":"standard","challenge_id":7,"content":"the functions are:\n1) length of flag in the power of length of guess,\n2) char-wise modulo between flag and guess,\n3) char-wise division between flag and guess. ","cost":20,"requirements":null},{"id":5,"type":"standard","challenge_id":8,"content":"directory traversal... (:","cost":30,"requirements":null}],"meta":{}}